{
  "project_info": {
    "project_number": "418195441090",
    "project_id": "hotel-2803a",
    "storage_bucket": "hotel-2803a.appspot.com"
  },
  "client": [
    {
      "client_info": {
        "mobilesdk_app_id": "1:418195441090:android:8e00176e6d4a5a84a9825b",
        "android_client_info": {
          "package_name": "com.jean.hotel"
        }
      },
      "oauth_client": [],
      "api_key": [
        {
          "current_key": "AIzaSyCd2KpDvxTP8_lkpZHA6b1lzU53mL1ozK0"
        }
      ],
      "services": {
        "appinvite_service": {
          "other_platform_oauth_client": []
        }
      }
    }
  ],
  "configuration_version": "1"
}